MESA,INSCRITOS,ASISTENCIA,VOTOS VALIDOS,VOTOS BLANCOS ,VOTOS NULOS,VOTOS EMITIDOS,% VOTOS VALIDOS,% VOTOS BLANCOS ,% VOTOS NULOS,% VOTOS EMITIDOS,RECINTO,ZONA,DISTRITO,CIRCUNSCRIPCION,
1,145,0,,,,0,0.00%,0.00%,0.00%,0.00%,Unidad Educativa Arabe De Egipto,GRAN_PODER,DISTRITO_22,8,
1,182,74,66,2,6,74,36.26%,1.10%,3.30%,40.66%,Colegio Francia,CHALLAPAMPA,DISTRITO_29,9,
1,144,63,,,,0,0.00%,0.00%,0.00%,0.00%,Esc. Walter Straub,COTA_COTA,DISTRITO_13,7,
1,140,0,13,0,0,13,9.29%,0.00%,0.00%,9.29%,(Cárcel) Panóptico,SAN_PEDRO_BAJO,DISTRITO_21,8,
2,102,46,,,,0,0.00%,0.00%,0.00%,0.00%,Unidad Educativa Arabe De Egipto,GRAN_PODER,DISTRITO_22,8,
4,80,38,,,,0,0.00%,0.00%,0.00%,0.00%,Esc. Walter Straub,COTA_COTA,DISTRITO_13,7,
1,147,35,,,,0,0.00%,0.00%,0.00%,0.00%,Unidad Educativa Republica de Cuba,SAN_PEDRO_BAJO,DISTRITO_21,8,
2,144,62,,,,0,0.00%,0.00%,0.00%,0.00%,Esc. Walter Straub,COTA_COTA,DISTRITO_13,7,
2,92,39,34,1,4,39,36.96%,1.09%,4.35%,42.39%,Colegio Francia,CHALLAPAMPA,DISTRITO_29,9,
3,130,52,,,,0,0.00%,0.00%,0.00%,0.00%,Esc. Walter Straub,COTA_COTA,DISTRITO_13,7,
1,176,16,,,,0,0.00%,0.00%,0.00%,0.00%,Esc. Ind. Pedro Domingo Murillo,ACHACHICALA,DISTRITO_1,9,
3,61,0,,,,0,0.00%,0.00%,0.00%,0.00%,Unidad Educativa Republica de Cuba,SAN_PEDRO_BAJO,DISTRITO_21,8,
2,160,72,,,,0,0.00%,0.00%,0.00%,0.00%,Esc. Ind. Pedro Domingo Murillo,ACHACHICALA,DISTRITO_1,9,
5,61,0,,,,0,0.00%,0.00%,0.00%,0.00%,Esc. Ind. Pedro Domingo Murillo,ACHACHICALA,DISTRITO_1,9,
3,155,51,,,,0,0.00%,0.00%,0.00%,0.00%,Esc. Ind. Pedro Domingo Murillo,ACHACHICALA,DISTRITO_1,9,
2,152,67,,,,0,0.00%,0.00%,0.00%,0.00%,Unidad Educativa Republica de Cuba,SAN_PEDRO_BAJO,DISTRITO_21,8,
1,177,63,,,,0,0.00%,0.00%,0.00%,0.00%,Unidad Educativa Puerto Rico,TEMBLADERANI20,DISTRITO_20,8,
4,163,76,,,,0,0.00%,0.00%,0.00%,0.00%,Esc. Ind. Pedro Domingo Murillo,ACHACHICALA,DISTRITO_1,9,
3,174,70,,,,0,0.00%,0.00%,0.00%,0.00%,Unidad Educativa Puerto Rico,TEMBLADERANI20,DISTRITO_20,8,
2,181,0,,,,0,0.00%,0.00%,0.00%,0.00%,Unidad Educativa Puerto Rico,TEMBLADERANI20,DISTRITO_20,8,
1,105,45,,,,0,0.00%,0.00%,0.00%,0.00%,Escuela Rosemari de Barrientos,IRPAVI,DISTRITO_11,7,
4,87,38,,,,0,0.00%,0.00%,0.00%,0.00%,Unidad Educativa Puerto Rico,TEMBLADERANI20,DISTRITO_20,8,
2,116,40,,,,0,0.00%,0.00%,0.00%,0.00%,Escuela Rosemari de Barrientos,IRPAVI,DISTRITO_11,7,
6,105,51,,,,0,0.00%,0.00%,0.00%,0.00%,Escuela Rosemari de Barrientos,IRPAVI,DISTRITO_11,7,
7,101,42,,,,0,0.00%,0.00%,0.00%,0.00%,Escuela Rosemari de Barrientos,IRPAVI,DISTRITO_11,7,
3,115,49,,,,0,0.00%,0.00%,0.00%,0.00%,Escuela Rosemari de Barrientos,IRPAVI,DISTRITO_11,7,
1,175,72,60,2,12,74,34.29%,1.14%,6.86%,42.29%,Col. Cristo Rey,VILLA_COPACABANA,DISTRITO_7,6,
4,124,47,,,,0,0.00%,0.00%,0.00%,0.00%,Escuela Rosemari de Barrientos,IRPAVI,DISTRITO_11,7,
5,104,46,,,,0,0.00%,0.00%,0.00%,0.00%,Escuela Rosemari de Barrientos,IRPAVI,DISTRITO_11,7,
2,157,53,47,1,5,53,29.94%,0.64%,3.18%,33.76%,Col. Cristo Rey,VILLA_COPACABANA,DISTRITO_7,6,
5,133,40,60,3,5,68,45.11%,2.26%,3.76%,51.13%,Col. Cristo Rey,VILLA_COPACABANA,DISTRITO_7,6,
3,178,54,64,0,4,68,35.96%,0.00%,2.25%,38.20%,Col. Cristo Rey,VILLA_COPACABANA,DISTRITO_7,6,
4,163,38,37,3,7,47,22.70%,1.84%,4.29%,28.83%,Col. Cristo Rey,VILLA_COPACABANA,DISTRITO_7,6,
2,84,37,30,4,3,37,35.71%,4.76%,3.57%,44.05%,Col. Loretto,SAN_MIGUEL,DISTRITO_13,7,
2,95,47,36,2,9,47,37.89%,2.11%,9.47%,49.47%,E.N.S.A.F.,MIRAFLORES,DISTRITO_4,6,
1,156,53,39,4,10,53,25.00%,2.56%,6.41%,33.97%,Colegio Ave Maria (Villa Fatima),VILLA_FATIMA,DISTRITO_6,6,
1,96,38,32,1,5,38,33.33%,1.04%,5.21%,39.58%,Col. Loretto,SAN_MIGUEL,DISTRITO_13,7,
1,142,71,58,3,10,71,40.85%,2.11%,7.04%,50.00%,E.N.S.A.F.,MIRAFLORES,DISTRITO_4,6,
4,187,35,55,2,5,62,29.41%,1.07%,2.67%,33.16%,Colegio Ave Maria (Villa Fatima),VILLA_FATIMA,DISTRITO_6,6,
3,184,78,64,0,15,79,34.78%,0.00%,8.15%,42.93%,Colegio Ave Maria (Villa Fatima),VILLA_FATIMA,DISTRITO_6,6,
5,185,38,48,1,11,60,25.95%,0.54%,5.95%,32.43%,Colegio Ave Maria (Villa Fatima),VILLA_FATIMA,DISTRITO_6,6,
2,185,84,72,3,9,84,38.92%,1.62%,4.86%,45.41%,Colegio Ave Maria (Villa Fatima),VILLA_FATIMA,DISTRITO_6,6,
1,98,52,,,,0,0.00%,0.00%,0.00%,0.00%,Unidad Educativa Los Pinos,LOS_PINOS,DISTRITO_13,7,
6,164,57,53,2,5,60,32.32%,1.22%,3.05%,36.59%,Colegio Ave Maria (Villa Fatima),VILLA_FATIMA,DISTRITO_6,6,
2,87,44,,,,0,0.00%,0.00%,0.00%,0.00%,Unidad Educativa Los Pinos,LOS_PINOS,DISTRITO_13,7,
7,176,47,57,2,11,70,32.39%,1.14%,6.25%,39.77%,Colegio Ave Maria (Villa Fatima),VILLA_FATIMA,DISTRITO_6,6,
3,83,34,,,,0,0.00%,0.00%,0.00%,0.00%,Unidad Educativa Los Pinos,LOS_PINOS,DISTRITO_13,7,
4,73,25,,,,0,0.00%,0.00%,0.00%,0.00%,Unidad Educativa Los Pinos,LOS_PINOS,DISTRITO_13,7,
3,112,46,,,,0,0.00%,0.00%,0.00%,0.00%,Esc. Natalia Palacios,VILLA_PABON,DISTRITO_3,9,
1,184,77,,,,0,0.00%,0.00%,0.00%,0.00%,Esc. Natalia Palacios,VILLA_PABON,DISTRITO_3,9,
1,169,12,60,4,8,72,35.50%,2.37%,4.73%,42.60%,Col. American School,AGUA_DE_LA_VIDA,DISTRITO_3,9,
2,108,41,,,,0,0.00%,0.00%,0.00%,0.00%,U.E. San Andrés,COTA_COTA,DISTRITO_13,7,
1,124,45,,,,0,0.00%,0.00%,0.00%,0.00%,U.E. San Andrés,COTA_COTA,DISTRITO_13,7,
2,75,35,28,2,5,35,37.33%,2.67%,6.67%,46.67%,Col. American School,AGUA_DE_LA_VIDA,DISTRITO_3,9,
3,40,0,,,,0,0.00%,0.00%,0.00%,0.00%,U.E. San Andrés,COTA_COTA,DISTRITO_13,7,
1,100,31,23,2,6,31,23.00%,2.00%,6.00%,31.00%,Colegio Rene Barrientos,CALACOTO_KOANI,DISTRITO_12,7,
2,179,84,,,,0,0.00%,0.00%,0.00%,0.00%,Esc. Natalia Palacios,VILLA_PABON,DISTRITO_3,9,
2,113,37,28,4,5,37,24.78%,3.54%,4.42%,32.74%,Colegio Rene Barrientos,CALACOTO_KOANI,DISTRITO_12,7,
3,163,44,,,,0,0.00%,0.00%,0.00%,0.00%,Esc. Eduardo Avaroa,CATORCE_DE_SEPTIEMBRE,DISTRITO_23,8,
1,169,65,,,,0,0.00%,0.00%,0.00%,0.00%,Esc. Eduardo Avaroa,CATORCE_DE_SEPTIEMBRE,DISTRITO_23,8,
2,154,64,,,,0,0.00%,0.00%,0.00%,0.00%,Tecnico Ayacucho (Miraflores Alto),MIRAFLORES_ALTO,DISTRITO_5,6,
1,169,66,,,,0,0.00%,0.00%,0.00%,0.00%,Tecnico Ayacucho (Miraflores Alto),MIRAFLORES_ALTO,DISTRITO_5,6,
5,70,26,,,,0,0.00%,0.00%,0.00%,0.00%,Esc. Eduardo Avaroa,CATORCE_DE_SEPTIEMBRE,DISTRITO_23,8,
4,155,0,,,,0,0.00%,0.00%,0.00%,0.00%,Tecnico Ayacucho (Miraflores Alto),MIRAFLORES_ALTO,DISTRITO_5,6,
2,179,72,,,,0,0.00%,0.00%,0.00%,0.00%,Esc. Eduardo Avaroa,CATORCE_DE_SEPTIEMBRE,DISTRITO_23,8,
3,181,0,,,,0,0.00%,0.00%,0.00%,0.00%,Tecnico Ayacucho (Miraflores Alto),MIRAFLORES_ALTO,DISTRITO_5,6,
4,170,50,,,,0,0.00%,0.00%,0.00%,0.00%,Esc. Eduardo Avaroa,CATORCE_DE_SEPTIEMBRE,DISTRITO_23,8,
5,147,65,,,,0,0.00%,0.00%,0.00%,0.00%,Tecnico Ayacucho (Miraflores Alto),MIRAFLORES_ALTO,DISTRITO_5,6,
6,150,65,,,,0,0.00%,0.00%,0.00%,0.00%,Tecnico Ayacucho (Miraflores Alto),MIRAFLORES_ALTO,DISTRITO_5,6,
11,77,41,,,,0,0.00%,0.00%,0.00%,0.00%,Tecnico Ayacucho (Miraflores Alto),MIRAFLORES_ALTO,DISTRITO_5,6,
1,186,64,65,0,1,66,34.95%,0.00%,0.54%,35.48%,Colegio  Adolfo  Costa Du Rels,SANTA_ROSA_GRANDE,DISTRITO_5,6,
7,162,43,,,,0,0.00%,0.00%,0.00%,0.00%,Tecnico Ayacucho (Miraflores Alto),MIRAFLORES_ALTO,DISTRITO_5,6,
2,199,42,54,1,5,60,27.14%,0.50%,2.51%,30.15%,Colegio  Adolfo  Costa Du Rels,SANTA_ROSA_GRANDE,DISTRITO_5,6,
8,168,78,,,,0,0.00%,0.00%,0.00%,0.00%,Tecnico Ayacucho (Miraflores Alto),MIRAFLORES_ALTO,DISTRITO_5,6,
3,199,70,64,1,5,70,32.16%,0.50%,2.51%,35.18%,Colegio  Adolfo  Costa Du Rels,SANTA_ROSA_GRANDE,DISTRITO_5,6,
9,159,55,,,,0,0.00%,0.00%,0.00%,0.00%,Tecnico Ayacucho (Miraflores Alto),MIRAFLORES_ALTO,DISTRITO_5,6,
10,144,68,,,,0,0.00%,0.00%,0.00%,0.00%,Tecnico Ayacucho (Miraflores Alto),MIRAFLORES_ALTO,DISTRITO_5,6,
4,184,69,60,1,10,71,32.61%,0.54%,5.43%,38.59%,Colegio  Adolfo  Costa Du Rels,SANTA_ROSA_GRANDE,DISTRITO_5,6,
1,175,62,,,,0,0.00%,0.00%,0.00%,0.00%,Unidad Educativa Valle Hermoso,VALLE_HERMOSO,DISTRITO_7,6,
6,186,74,71,0,5,76,38.17%,0.00%,2.69%,40.86%,Colegio  Adolfo  Costa Du Rels,SANTA_ROSA_GRANDE,DISTRITO_5,6,
5,193,76,66,3,7,76,34.20%,1.55%,3.63%,39.38%,Colegio  Adolfo  Costa Du Rels,SANTA_ROSA_GRANDE,DISTRITO_5,6,
7,203,80,74,1,9,84,36.45%,0.49%,4.43%,41.38%,Colegio  Adolfo  Costa Du Rels,SANTA_ROSA_GRANDE,DISTRITO_5,6,
8,192,0,57,1,2,60,29.69%,0.52%,1.04%,31.25%,Colegio  Adolfo  Costa Du Rels,SANTA_ROSA_GRANDE,DISTRITO_5,6,
1,192,45,,,,0,0.00%,0.00%,0.00%,0.00%,Esc. Sagrado Corazon De Jesus,ALTO_CHIJINI_24,DISTRITO_24,8,
2,163,55,,,,0,0.00%,0.00%,0.00%,0.00%,Unidad Educativa Valle Hermoso,VALLE_HERMOSO,DISTRITO_7,6,
10,186,65,58,1,5,64,31.18%,0.54%,2.69%,34.41%,Colegio  Adolfo  Costa Du Rels,SANTA_ROSA_GRANDE,DISTRITO_5,6,
9,188,52,48,3,10,61,25.53%,1.60%,5.32%,32.45%,Colegio  Adolfo  Costa Du Rels,SANTA_ROSA_GRANDE,DISTRITO_5,6,
3,156,69,,,,0,0.00%,0.00%,0.00%,0.00%,Unidad Educativa Valle Hermoso,VALLE_HERMOSO,DISTRITO_7,6,
3,115,51,,,,0,0.00%,0.00%,0.00%,0.00%,Instituto Americano Obrajes,OBRAJES,DISTRITO_16,7,
2,186,65,,,,0,0.00%,0.00%,0.00%,0.00%,Esc. Sagrado Corazon De Jesus,ALTO_CHIJINI_24,DISTRITO_24,8,
4,74,34,,,,0,0.00%,0.00%,0.00%,0.00%,Instituto Americano Obrajes,OBRAJES,DISTRITO_16,7,
1,141,49,,,,0,0.00%,0.00%,0.00%,0.00%,Instituto Americano Obrajes,OBRAJES,DISTRITO_16,7,
3,183,68,,,,0,0.00%,0.00%,0.00%,0.00%,Esc. Sagrado Corazon De Jesus,ALTO_CHIJINI_24,DISTRITO_24,8,
2,115,47,,,,0,0.00%,0.00%,0.00%,0.00%,Instituto Americano Obrajes,OBRAJES,DISTRITO_16,7,
4,201,69,,,,0,0.00%,0.00%,0.00%,0.00%,Esc. Sagrado Corazon De Jesus,ALTO_CHIJINI_24,DISTRITO_24,8,
6,155,0,,,,0,0.00%,0.00%,0.00%,0.00%,Esc. Sagrado Corazon De Jesus,ALTO_CHIJINI_24,DISTRITO_24,8,
5,193,66,,,,0,0.00%,0.00%,0.00%,0.00%,Esc. Sagrado Corazon De Jesus,ALTO_CHIJINI_24,DISTRITO_24,8,
1,197,17,,,,0,0.00%,0.00%,0.00%,0.00%,Escuela Pedro Poveda (Villa Armonia),VILLA_ARMONIA,DISTRITO_8,6,
2,195,68,,,,0,0.00%,0.00%,0.00%,0.00%,Escuela Pedro Poveda (Villa Armonia),VILLA_ARMONIA,DISTRITO_8,6,
3,163,0,,,,0,0.00%,0.00%,0.00%,0.00%,Escuela Pedro Poveda (Villa Armonia),VILLA_ARMONIA,DISTRITO_8,6,
3,148,60,,,,0,0.00%,0.00%,0.00%,0.00%,U.E. Waldo Ballivian,VILLA_ARMONIA,DISTRITO_8,6,
4,174,37,,,,0,0.00%,0.00%,0.00%,0.00%,U.E. Waldo Ballivian,VILLA_ARMONIA,DISTRITO_8,6,
1,190,0,,,,0,0.00%,0.00%,0.00%,0.00%,Esc. Gil Tapia Rada,CIUDADELA_FERROVIARIA,DISTRITO_30,9,
4,178,79,,,,0,0.00%,0.00%,0.00%,0.00%,Esc. Gil Tapia Rada,CIUDADELA_FERROVIARIA,DISTRITO_30,9,
3,162,63,,,,0,0.00%,0.00%,0.00%,0.00%,Esc. Gil Tapia Rada,CIUDADELA_FERROVIARIA,DISTRITO_30,9,
1,178,62,,,,0,0.00%,0.00%,0.00%,0.00%,Polifuncional San Isidro (Iglesia San Isidro),SAN_ISIDRO,DISTRITO_10,7,
2,180,74,,,,0,0.00%,0.00%,0.00%,0.00%,Esc. Gil Tapia Rada,CIUDADELA_FERROVIARIA,DISTRITO_30,9,
1,166,69,,,,0,0.00%,0.00%,0.00%,0.00%,U.E. Waldo Ballivian,VILLA_ARMONIA,DISTRITO_8,6,
2,101,46,,,,0,0.00%,0.00%,0.00%,0.00%,Polifuncional San Isidro (Iglesia San Isidro),SAN_ISIDRO,DISTRITO_10,7,
3,186,9,,,,0,0.00%,0.00%,0.00%,0.00%,Unidad Educativa San Jose (U. E. Manuel B. Mariaca),VILLA_VICTORIA,DISTRITO_28,9,
2,192,58,50,2,6,58,26.04%,1.04%,3.13%,30.21%,Colegio Holanda (Chamoco Chico),CHAMOCO_CHICO,DISTRITO_25,9,
2,168,54,,,,0,0.00%,0.00%,0.00%,0.00%,Unidad Educativa San Jose (U. E. Manuel B. Mariaca),VILLA_VICTORIA,DISTRITO_28,9,
5,168,52,,,,0,0.00%,0.00%,0.00%,0.00%,U.E. Waldo Ballivian,VILLA_ARMONIA,DISTRITO_8,6,
3,184,67,59,1,7,67,32.07%,0.54%,3.80%,36.41%,Colegio Holanda (Chamoco Chico),CHAMOCO_CHICO,DISTRITO_25,9,
2,163,55,,,,0,0.00%,0.00%,0.00%,0.00%,U.E. Waldo Ballivian,VILLA_ARMONIA,DISTRITO_8,6,
1,193,47,,,,0,0.00%,0.00%,0.00%,0.00%,Unidad Educativa San Jose (U. E. Manuel B. Mariaca),VILLA_VICTORIA,DISTRITO_28,9,
1,186,59,51,1,7,59,27.42%,0.54%,3.76%,31.72%,Colegio Holanda (Chamoco Chico),CHAMOCO_CHICO,DISTRITO_25,9,
5,191,71,69,2,5,76,36.13%,1.05%,2.62%,39.79%,Colegio Holanda (Chamoco Chico),CHAMOCO_CHICO,DISTRITO_25,9,
1,159,43,,,,0,0.00%,0.00%,0.00%,0.00%,Plaza Daniel Rodriguez,BELLA_VISTA,DISTRITO_16,7,
1,124,53,46,3,8,57,37.10%,2.42%,6.45%,45.97%,Col. Amor de Dios,KANTUTANI_SAN_JORGE,DISTRITO_17,8,
6,113,47,40,2,5,47,35.40%,1.77%,4.42%,41.59%,Colegio Holanda (Chamoco Chico),CHAMOCO_CHICO,DISTRITO_25,9,
2,150,61,,,,0,0.00%,0.00%,0.00%,0.00%,Plaza Daniel Rodriguez,BELLA_VISTA,DISTRITO_16,7,
1,147,67,,,,0,0.00%,0.00%,0.00%,0.00%,U. E. Ff. Aa. De La Nación,BOLONIA,DISTRITO_11,7,
4,194,68,64,1,3,68,32.99%,0.52%,1.55%,35.05%,Colegio Holanda (Chamoco Chico),CHAMOCO_CHICO,DISTRITO_25,9,
2,147,74,55,0,19,74,37.41%,0.00%,12.93%,50.34%,Col. Amor de Dios,KANTUTANI_SAN_JORGE,DISTRITO_17,8,
2,152,59,,,,0,0.00%,0.00%,0.00%,0.00%,U. E. Ff. Aa. De La Nación,BOLONIA,DISTRITO_11,7,
3,93,57,51,2,4,57,54.84%,2.15%,4.30%,61.29%,Col. Amor de Dios,KANTUTANI_SAN_JORGE,DISTRITO_17,8,
3,127,55,,,,0,0.00%,0.00%,0.00%,0.00%,U. E. Ff. Aa. De La Nación,BOLONIA,DISTRITO_11,7,
4,33,18,,,,0,0.00%,0.00%,0.00%,0.00%,U. E. Ff. Aa. De La Nación,BOLONIA,DISTRITO_11,7,
2,98,50,39,3,8,50,39.80%,3.06%,8.16%,51.02%,Colegio Saint Peters,BELLO_HORIZONTE,DISTRITO_21,8,
1,160,62,64,7,12,83,40.00%,4.38%,7.50%,51.88%,Colegio Saint Peters,BELLO_HORIZONTE,DISTRITO_21,8,
4,95,37,30,1,6,37,31.58%,1.05%,6.32%,38.95%,Colegio Max Toledo (Callampaya),CALLAMPAYA,DISTRITO_26,9,
1,186,68,64,1,7,72,34.41%,0.54%,3.76%,38.71%,Colegio Max Toledo (Callampaya),CALLAMPAYA,DISTRITO_26,9,
2,161,1,65,2,4,71,40.37%,1.24%,2.48%,44.10%,Colegio Max Toledo (Callampaya),CALLAMPAYA,DISTRITO_26,9,
3,172,0,62,2,3,67,36.05%,1.16%,1.74%,38.95%,Colegio Max Toledo (Callampaya),CALLAMPAYA,DISTRITO_26,9,
1,88,44,32,3,7,42,36.36%,3.41%,7.95%,47.73%,Colegio Franco Boliviano,ACHUMANI_BAJO_Y_MESETA,DISTRITO_12,7,
2,79,24,21,2,3,26,26.58%,2.53%,3.80%,32.91%,Colegio Luis Alberto Pabon,ZONA_NORTE,DISTRITO_3,9,
3,79,38,31,0,7,38,39.24%,0.00%,8.86%,48.10%,Colegio Franco Boliviano,ACHUMANI_BAJO_Y_MESETA,DISTRITO_12,7,
1,176,62,52,4,7,63,29.55%,2.27%,3.98%,35.80%,Colegio Luis Alberto Pabon,ZONA_NORTE,DISTRITO_3,9,
2,101,36,32,0,4,36,31.68%,0.00%,3.96%,35.64%,Colegio Franco Boliviano,ACHUMANI_BAJO_Y_MESETA,DISTRITO_12,7,
4,88,30,26,0,4,30,29.55%,0.00%,4.55%,34.09%,Colegio Franco Boliviano,ACHUMANI_BAJO_Y_MESETA,DISTRITO_12,7,
5,115,48,31,2,15,48,26.96%,1.74%,13.04%,41.74%,Colegio Franco Boliviano,ACHUMANI_BAJO_Y_MESETA,DISTRITO_12,7,
6,101,36,26,2,8,36,25.74%,1.98%,7.92%,35.64%,Colegio Franco Boliviano,ACHUMANI_BAJO_Y_MESETA,DISTRITO_12,7,
7,84,38,32,0,6,38,38.10%,0.00%,7.14%,45.24%,Colegio Franco Boliviano,ACHUMANI_BAJO_Y_MESETA,DISTRITO_12,7,
6,62,23,,,,0,0.00%,0.00%,0.00%,0.00%,Unidad Educativa 24 de Junio,PAMPAHASI_ALTO,DISTRITO_9,7,
3,184,0,,,,0,0.00%,0.00%,0.00%,0.00%,Unidad Educativa 24 de Junio,PAMPAHASI_ALTO,DISTRITO_9,7,
8,109,48,38,2,8,48,34.86%,1.83%,7.34%,44.04%,Colegio Franco Boliviano,ACHUMANI_BAJO_Y_MESETA,DISTRITO_12,7,
4,173,0,,,,0,0.00%,0.00%,0.00%,0.00%,Unidad Educativa 24 de Junio,PAMPAHASI_ALTO,DISTRITO_9,7,
5,170,0,,,,0,0.00%,0.00%,0.00%,0.00%,Unidad Educativa 24 de Junio,PAMPAHASI_ALTO,DISTRITO_9,7,
2,185,70,,,,0,0.00%,0.00%,0.00%,0.00%,Unidad Educativa 24 de Junio,PAMPAHASI_ALTO,DISTRITO_9,7,
1,171,0,,,,0,0.00%,0.00%,0.00%,0.00%,Unidad Educativa 24 de Junio,PAMPAHASI_ALTO,DISTRITO_9,7,
1,189,55,,,,0,0.00%,0.00%,0.00%,0.00%,Esc. Sergio Suarez,VILLA_DE_LA_CRUZ,DISTRITO_2,9,
2,200,64,,,,0,0.00%,0.00%,0.00%,0.00%,Esc. Sergio Suarez,VILLA_DE_LA_CRUZ,DISTRITO_2,9,
1,155,0,46,2,9,57,29.68%,1.29%,5.81%,36.77%,Col. Copacabana,VILLA_COPACABANA,DISTRITO_7,6,
5,190,61,,,,0,0.00%,0.00%,0.00%,0.00%,Esc. Sergio Suarez,VILLA_DE_LA_CRUZ,DISTRITO_2,9,
4,197,37,,,,0,0.00%,0.00%,0.00%,0.00%,Esc. Sergio Suarez,VILLA_DE_LA_CRUZ,DISTRITO_2,9,
2,154,49,60,4,5,69,38.96%,2.60%,3.25%,44.81%,Col. Copacabana,VILLA_COPACABANA,DISTRITO_7,6,
7,117,51,,,,0,0.00%,0.00%,0.00%,0.00%,Esc. Sergio Suarez,VILLA_DE_LA_CRUZ,DISTRITO_2,9,
3,140,0,36,1,4,41,25.71%,0.71%,2.86%,29.29%,Col. Copacabana,VILLA_COPACABANA,DISTRITO_7,6,
4,158,0,52,2,8,62,32.91%,1.27%,5.06%,39.24%,Col. Copacabana,VILLA_COPACABANA,DISTRITO_7,6,
3,194,57,,,,0,0.00%,0.00%,0.00%,0.00%,Esc. Sergio Suarez,VILLA_DE_LA_CRUZ,DISTRITO_2,9,
6,103,0,63,1,5,69,61.17%,0.97%,4.85%,66.99%,Col. Copacabana,VILLA_COPACABANA,DISTRITO_7,6,
6,187,45,,,,0,0.00%,0.00%,0.00%,0.00%,Esc. Sergio Suarez,VILLA_DE_LA_CRUZ,DISTRITO_2,9,
1,180,40,,,,0,0.00%,0.00%,0.00%,0.00%,Esc. La Merced,BARRIO_MINASA,DISTRITO_6,6,
5,160,0,35,2,6,43,21.88%,1.25%,3.75%,26.88%,Col. Copacabana,VILLA_COPACABANA,DISTRITO_7,6,
2,208,49,,,,0,0.00%,0.00%,0.00%,0.00%,Esc. La Merced,BARRIO_MINASA,DISTRITO_6,6,
4,177,48,,,,0,0.00%,0.00%,0.00%,0.00%,Esc. La Merced,BARRIO_MINASA,DISTRITO_6,6,
5,181,64,,,,0,0.00%,0.00%,0.00%,0.00%,Esc. La Merced,BARRIO_MINASA,DISTRITO_6,6,
6,189,0,,,,0,0.00%,0.00%,0.00%,0.00%,Esc. La Merced,BARRIO_MINASA,DISTRITO_6,6,
3,182,48,,,,0,0.00%,0.00%,0.00%,0.00%,Esc. La Merced,BARRIO_MINASA,DISTRITO_6,6,
2,187,61,59,3,6,68,31.55%,1.60%,3.21%,36.36%,Colegio Irene Nava,VILLA_EL_CARMEN,DISTRITO_6,6,
1,172,59,50,5,4,59,29.07%,2.91%,2.33%,34.30%,Colegio Irene Nava,VILLA_EL_CARMEN,DISTRITO_6,6,
3,179,69,75,1,0,76,41.90%,0.56%,0.00%,42.46%,Colegio Irene Nava,VILLA_EL_CARMEN,DISTRITO_6,6,
4,192,66,58,2,7,67,30.21%,1.04%,3.65%,34.90%,Colegio Irene Nava,VILLA_EL_CARMEN,DISTRITO_6,6,
6,181,73,69,1,3,73,38.12%,0.55%,1.66%,40.33%,Colegio Irene Nava,VILLA_EL_CARMEN,DISTRITO_6,6,
5,167,69,61,4,4,69,36.53%,2.40%,2.40%,41.32%,Colegio Irene Nava,VILLA_EL_CARMEN,DISTRITO_6,6,
3,186,68,,,,0,0.00%,0.00%,0.00%,0.00%,U.E. Copacabana (Fe y Alegria),LA_PORTADA,DISTRITO_27,9,
1,191,60,,,,0,0.00%,0.00%,0.00%,0.00%,U.E. Copacabana (Fe y Alegria),LA_PORTADA,DISTRITO_27,9,
4,184,64,,,,0,0.00%,0.00%,0.00%,0.00%,U.E. Copacabana (Fe y Alegria),LA_PORTADA,DISTRITO_27,9,
6,54,14,,,,0,0.00%,0.00%,0.00%,0.00%,U.E. Copacabana (Fe y Alegria),LA_PORTADA,DISTRITO_27,9,
5,180,65,,,,0,0.00%,0.00%,0.00%,0.00%,U.E. Copacabana (Fe y Alegria),LA_PORTADA,DISTRITO_27,9,
2,185,55,58,2,7,67,31.35%,1.08%,3.78%,36.22%,Col. Daniel Sanchez Bustamante,VILLA_NUEVO_POTOSI,DISTRITO_24,8,
2,189,59,,,,0,0.00%,0.00%,0.00%,0.00%,U.E. Copacabana (Fe y Alegria),LA_PORTADA,DISTRITO_27,9,
3,188,63,55,3,6,64,29.26%,1.60%,3.19%,34.04%,Col. Daniel Sanchez Bustamante,VILLA_NUEVO_POTOSI,DISTRITO_24,8,
1,355,76,93,3,9,105,26.20%,0.85%,2.54%,29.58%,Col. Daniel Sanchez Bustamante,VILLA_NUEVO_POTOSI,DISTRITO_24,8,se añadio a 44 volidos validos y 2 nulos debido a que la corte cuenta con 2 desas 1 del colegio danil sanchez bustamante 
1,170,61,,,,0,0.00%,0.00%,0.00%,0.00%,Esc. Francisco De Miranda,BELLA_VISTA,DISTRITO_16,7,
5,191,61,67,2,6,75,35.08%,1.05%,3.14%,39.27%,Col. Daniel Sanchez Bustamante,VILLA_NUEVO_POTOSI,DISTRITO_24,8,
6,113,35,30,1,4,35,26.55%,0.88%,3.54%,30.97%,Col. Daniel Sanchez Bustamante,VILLA_NUEVO_POTOSI,DISTRITO_24,8,
3,156,66,,,,0,0.00%,0.00%,0.00%,0.00%,Esc. Francisco De Miranda,BELLA_VISTA,DISTRITO_16,7,
4,185,72,67,2,6,75,36.22%,1.08%,3.24%,40.54%,Col. Daniel Sanchez Bustamante,VILLA_NUEVO_POTOSI,DISTRITO_24,8,
4,175,61,,,,0,0.00%,0.00%,0.00%,0.00%,Esc. Francisco De Miranda,BELLA_VISTA,DISTRITO_16,7,
1,123,42,,,,0,0.00%,0.00%,0.00%,0.00%,Instituto Domingo Savio,KOANI,DISTRITO_11,7,
2,167,0,,,,0,0.00%,0.00%,0.00%,0.00%,Esc. Francisco De Miranda,BELLA_VISTA,DISTRITO_16,7,
2,51,22,,,,0,0.00%,0.00%,0.00%,0.00%,Instituto Domingo Savio,KOANI,DISTRITO_11,7,
1,196,0,63,3,9,75,32.14%,1.53%,4.59%,38.27%,Col. Guillen Pinto,MUNAYPATA,DISTRITO_28,9,
5,69,25,23,2,0,25,33.33%,2.90%,0.00%,36.23%,Col. Guillen Pinto,MUNAYPATA,DISTRITO_28,9,
2,190,0,65,2,9,76,34.21%,1.05%,4.74%,40.00%,Col. Guillen Pinto,MUNAYPATA,DISTRITO_28,9,
2,60,28,25,0,3,28,41.67%,0.00%,5.00%,46.67%,Col. Luis Velasco Flores,PANTICIRCA,DISTRITO_30,9,
3,184,10,54,5,2,61,29.35%,2.72%,1.09%,33.15%,Col. Guillen Pinto,MUNAYPATA,DISTRITO_28,9,
1,172,63,,,,0,0.00%,0.00%,0.00%,0.00%,Kinder Bolivia,CIUDADELA_FERROVIARIA,DISTRITO_30,9,
4,203,82,77,3,6,86,37.93%,1.48%,2.96%,42.36%,Col. Guillen Pinto,MUNAYPATA,DISTRITO_28,9,
2,182,80,,,,0,0.00%,0.00%,0.00%,0.00%,Kinder Bolivia,CIUDADELA_FERROVIARIA,DISTRITO_30,9,
1,208,94,87,2,5,94,41.83%,0.96%,2.40%,45.19%,Col. Luis Velasco Flores,PANTICIRCA,DISTRITO_30,9,
1,168,75,,,,0,0.00%,0.00%,0.00%,0.00%,Kinder Flora Perez De Saavedra,LA_ZARZUELA,DISTRITO_2,9,
2,86,38,,,,0,0.00%,0.00%,0.00%,0.00%,Kinder Flora Perez De Saavedra,LA_ZARZUELA,DISTRITO_2,9,
1,188,72,69,2,1,72,36.70%,1.06%,0.53%,38.30%,Colegio Don Bosco,PAMPAHASI_BAJO,DISTRITO_9,7,
2,198,81,67,2,15,84,33.84%,1.01%,7.58%,42.42%,Colegio Don Bosco,PAMPAHASI_BAJO,DISTRITO_9,7,
3,180,81,71,4,6,81,39.44%,2.22%,3.33%,45.00%,Colegio Don Bosco,PAMPAHASI_BAJO,DISTRITO_9,7,
4,193,77,67,7,3,77,34.72%,3.63%,1.55%,39.90%,Colegio Don Bosco,PAMPAHASI_BAJO,DISTRITO_9,7,
1,121,46,,,,0,0.00%,0.00%,0.00%,0.00%,Escuela Santa Rosa La Florida,CALACOTO_LA_FLORIDA,DISTRITO_12,7,
5,78,35,27,1,7,35,34.62%,1.28%,8.97%,44.87%,Colegio Don Bosco,PAMPAHASI_BAJO,DISTRITO_9,7,
1,169,79,70,2,9,81,41.42%,1.18%,5.33%,47.93%,Col. San Javier,PURA_PURA,DISTRITO_29,9,
2,128,50,,,,0,0.00%,0.00%,0.00%,0.00%,Escuela Santa Rosa La Florida,CALACOTO_LA_FLORIDA,DISTRITO_12,7,
3,74,36,,,,0,0.00%,0.00%,0.00%,0.00%,Escuela Santa Rosa La Florida,CALACOTO_LA_FLORIDA,DISTRITO_12,7,
1,164,0,,,,0,0.00%,0.00%,0.00%,0.00%,Esc. Club De Leones (Bajo Mariscal),BAJO_MARISCAL_SANTA_CRUZ,DISTRITO_26,9,
2,182,77,71,1,9,81,39.01%,0.55%,4.95%,44.51%,Col. San Javier,PURA_PURA,DISTRITO_29,9,
2,109,0,,,,0,0.00%,0.00%,0.00%,0.00%,Esc. Club De Leones (Bajo Mariscal),BAJO_MARISCAL_SANTA_CRUZ,DISTRITO_26,9,
1,176,71,,,,0,0.00%,0.00%,0.00%,0.00%,Escuela Chasquipampa,CHASQUIPAMPA,DISTRITO_14,7,
2,174,47,,,,0,0.00%,0.00%,0.00%,0.00%,Escuela Chasquipampa,CHASQUIPAMPA,DISTRITO_14,7,
5,165,54,,,,0,0.00%,0.00%,0.00%,0.00%,Escuela Chasquipampa,CHASQUIPAMPA,DISTRITO_14,7,
3,200,57,,,,0,0.00%,0.00%,0.00%,0.00%,Escuela Chasquipampa,CHASQUIPAMPA,DISTRITO_14,7,
4,150,59,,,,0,0.00%,0.00%,0.00%,0.00%,Escuela Chasquipampa,CHASQUIPAMPA,DISTRITO_14,7,
8,198,52,,,,0,0.00%,0.00%,0.00%,0.00%,Escuela Chasquipampa,CHASQUIPAMPA,DISTRITO_14,7,
6,188,68,,,,0,0.00%,0.00%,0.00%,0.00%,Escuela Chasquipampa,CHASQUIPAMPA,DISTRITO_14,7,
9,165,59,,,,0,0.00%,0.00%,0.00%,0.00%,Escuela Chasquipampa,CHASQUIPAMPA,DISTRITO_14,7,
7,160,65,,,,0,0.00%,0.00%,0.00%,0.00%,Escuela Chasquipampa,CHASQUIPAMPA,DISTRITO_14,7,
10,186,65,,,,0,0.00%,0.00%,0.00%,0.00%,Escuela Chasquipampa,CHASQUIPAMPA,DISTRITO_14,7,
11,29,14,,,,0,0.00%,0.00%,0.00%,0.00%,Escuela Chasquipampa,CHASQUIPAMPA,DISTRITO_14,7,
1,170,0,61,2,3,66,35.88%,1.18%,1.76%,38.82%,Col. Luis Espinal Camps,PASANKERI,DISTRITO_19,8,
2,171,0,52,2,7,61,30.41%,1.17%,4.09%,35.67%,Col. Luis Espinal Camps,PASANKERI,DISTRITO_19,8,
3,183,0,65,4,7,76,35.52%,2.19%,3.83%,41.53%,Col. Luis Espinal Camps,PASANKERI,DISTRITO_19,8,
2,165,0,,,,0,0.00%,0.00%,0.00%,0.00%,Esc. Ladislao Cabrera,OBISPO_INDABURO,DISTRITO_23,8,
5,174,0,62,1,7,70,35.63%,0.57%,4.02%,40.23%,Col. Luis Espinal Camps,PASANKERI,DISTRITO_19,8,
5,64,0,,,,0,0.00%,0.00%,0.00%,0.00%,Esc. Ladislao Cabrera,OBISPO_INDABURO,DISTRITO_23,8,
3,189,0,,,,0,0.00%,0.00%,0.00%,0.00%,Esc. Ladislao Cabrera,OBISPO_INDABURO,DISTRITO_23,8,
4,185,0,60,0,6,66,32.43%,0.00%,3.24%,35.68%,Col. Luis Espinal Camps,PASANKERI,DISTRITO_19,8,
7,145,0,49,3,4,56,33.79%,2.07%,2.76%,38.62%,Col. Luis Espinal Camps,PASANKERI,DISTRITO_19,8,
1,180,0,,,,0,0.00%,0.00%,0.00%,0.00%,Esc. Ladislao Cabrera,OBISPO_INDABURO,DISTRITO_23,8,
6,190,0,48,3,4,55,25.26%,1.58%,2.11%,28.95%,Col. Luis Espinal Camps,PASANKERI,DISTRITO_19,8,
4,172,0,,,,0,0.00%,0.00%,0.00%,0.00%,Esc. Ladislao Cabrera,OBISPO_INDABURO,DISTRITO_23,8,
1,192,75,,,,0,0.00%,0.00%,0.00%,0.00%,Esc. Nicolas  Fernandez Naranjo,VINO_TINTO,DISTRITO_2,9,
3,172,57,,,,0,0.00%,0.00%,0.00%,0.00%,Esc. Nicolas  Fernandez Naranjo,VINO_TINTO,DISTRITO_2,9,
2,171,51,,,,0,0.00%,0.00%,0.00%,0.00%,Esc. Nicolas  Fernandez Naranjo,VINO_TINTO,DISTRITO_2,9,
2,129,46,,,,0,0.00%,0.00%,0.00%,0.00%,Liceo Tec. H. Nuestra Sra. De La Paz,ZONA_NORTE,DISTRITO_3,9,
4,182,64,,,,0,0.00%,0.00%,0.00%,0.00%,Esc. Nicolas  Fernandez Naranjo,VINO_TINTO,DISTRITO_2,9,
6,178,44,,,,0,0.00%,0.00%,0.00%,0.00%,Esc. Nicolas  Fernandez Naranjo,VINO_TINTO,DISTRITO_2,9,
1,166,67,,,,0,0.00%,0.00%,0.00%,0.00%,Liceo Tec. H. Nuestra Sra. De La Paz,ZONA_NORTE,DISTRITO_3,9,
7,177,82,,,,0,0.00%,0.00%,0.00%,0.00%,Esc. Nicolas  Fernandez Naranjo,VINO_TINTO,DISTRITO_2,9,
8,141,37,,,,0,0.00%,0.00%,0.00%,0.00%,Esc. Nicolas  Fernandez Naranjo,VINO_TINTO,DISTRITO_2,9,
5,191,65,,,,0,0.00%,0.00%,0.00%,0.00%,Esc. Nicolas  Fernandez Naranjo,VINO_TINTO,DISTRITO_2,9,
1,178,74,,,,0,0.00%,0.00%,0.00%,0.00%,Sede Social Plan Autopista,ALTO_ACHACHICALA,DISTRITO_1,9,
1,174,0,,,,0,0.00%,0.00%,0.00%,0.00%,Esc. Remberto Tapia,VILLA_NUEVO_POTOSI,DISTRITO_24,8,
2,181,0,,,,0,0.00%,0.00%,0.00%,0.00%,Esc. Remberto Tapia,VILLA_NUEVO_POTOSI,DISTRITO_24,8,
1,135,65,49,5,12,66,36.30%,3.70%,8.89%,48.89%,Col. Cervantes,MIRAFLORES,DISTRITO_4,6,
2,118,55,,,,0,0.00%,0.00%,0.00%,0.00%,Sede Social Plan Autopista,ALTO_ACHACHICALA,DISTRITO_1,9,
2,160,81,58,6,19,83,36.25%,3.75%,11.88%,51.88%,Col. Cervantes,MIRAFLORES,DISTRITO_4,6,
1,181,63,54,1,8,63,29.83%,0.55%,4.42%,34.81%,Colegio Italia (Alto Mariscal),ALTO_MARISCAL_SANTA_CRUZ,DISTRITO_25,9,
3,184,0,,,,0,0.00%,0.00%,0.00%,0.00%,Esc. Remberto Tapia,VILLA_NUEVO_POTOSI,DISTRITO_24,8,
4,214,0,,,,0,0.00%,0.00%,0.00%,0.00%,Esc. Remberto Tapia,VILLA_NUEVO_POTOSI,DISTRITO_24,8,
2,171,64,63,1,2,66,36.84%,0.58%,1.17%,38.60%,Colegio Italia (Alto Mariscal),ALTO_MARISCAL_SANTA_CRUZ,DISTRITO_25,9,
3,200,82,76,1,11,88,38.00%,0.50%,5.50%,44.00%,Colegio Italia (Alto Mariscal),ALTO_MARISCAL_SANTA_CRUZ,DISTRITO_25,9,
4,52,0,,,,0,0.00%,0.00%,0.00%,0.00%,Esc. Jose Santos,LLOJETA_ALTO,DISTRITO_18,8,
1,187,60,,,,0,0.00%,0.00%,0.00%,0.00%,Esc. Jose Santos,LLOJETA_ALTO,DISTRITO_18,8,
2,180,46,,,,0,0.00%,0.00%,0.00%,0.00%,Esc. Jose Santos,LLOJETA_ALTO,DISTRITO_18,8,
1,209,79,67,3,9,79,32.06%,1.44%,4.31%,37.80%,Colegio Jerusalem,PAMPAHASI_BAJO,DISTRITO_9,7,
3,195,74,,,,0,0.00%,0.00%,0.00%,0.00%,Esc. Jose Santos,LLOJETA_ALTO,DISTRITO_18,8,
2,192,69,64,0,9,73,33.33%,0.00%,4.69%,38.02%,Colegio Jerusalem,PAMPAHASI_BAJO,DISTRITO_9,7,
2,161,0,,,,0,0.00%,0.00%,0.00%,0.00%,Unidad Educativa Carlos Medinacelli,TEMBLADERANI20,DISTRITO_20,8,
3,209,107,81,2,7,90,38.76%,0.96%,3.35%,43.06%,Colegio Jerusalem,PAMPAHASI_BAJO,DISTRITO_9,7,
1,164,0,,,,0,0.00%,0.00%,0.00%,0.00%,Unidad Educativa Carlos Medinacelli,TEMBLADERANI20,DISTRITO_20,8,
4,164,64,,,,0,0.00%,0.00%,0.00%,0.00%,Unidad Educativa Carlos Medinacelli,TEMBLADERANI20,DISTRITO_20,8,
3,165,49,,,,0,0.00%,0.00%,0.00%,0.00%,Unidad Educativa Carlos Medinacelli,TEMBLADERANI20,DISTRITO_20,8,
5,48,0,,,,0,0.00%,0.00%,0.00%,0.00%,Unidad Educativa Carlos Medinacelli,TEMBLADERANI20,DISTRITO_20,8,
1,175,58,54,1,4,59,30.86%,0.57%,2.29%,33.71%,Col. Sergio Almaraz,SAN_ANTONIO_BAJO,DISTRITO_8,6,
5,37,14,14,0,0,14,37.84%,0.00%,0.00%,37.84%,Col. Sergio Almaraz,SAN_ANTONIO_BAJO,DISTRITO_8,6,
6,90,38,34,0,4,38,37.78%,0.00%,4.44%,42.22%,Col. Franz Tamayo,VILLA_VICTORIA,DISTRITO_28,9,
3,168,74,63,6,5,74,37.50%,3.57%,2.98%,44.05%,Col. Franz Tamayo,VILLA_VICTORIA,DISTRITO_28,9,
2,171,1,54,6,5,65,31.58%,3.51%,2.92%,38.01%,Col. Sergio Almaraz,SAN_ANTONIO_BAJO,DISTRITO_8,6,
4,198,82,68,8,6,82,34.34%,4.04%,3.03%,41.41%,Col. Sergio Almaraz,SAN_ANTONIO_BAJO,DISTRITO_8,6,
3,167,51,54,4,8,66,32.34%,2.40%,4.79%,39.52%,Col. Sergio Almaraz,SAN_ANTONIO_BAJO,DISTRITO_8,6,
4,168,70,61,3,6,70,36.31%,1.79%,3.57%,41.67%,Col. Franz Tamayo,VILLA_VICTORIA,DISTRITO_28,9,
2,201,75,69,2,4,75,34.33%,1.00%,1.99%,37.31%,Col. Franz Tamayo,VILLA_VICTORIA,DISTRITO_28,9,
1,176,71,66,1,4,71,37.50%,0.57%,2.27%,40.34%,Col. Franz Tamayo,VILLA_VICTORIA,DISTRITO_28,9,
5,181,68,57,2,9,68,31.49%,1.10%,4.97%,37.57%,Col. Franz Tamayo,VILLA_VICTORIA,DISTRITO_28,9,
1,72,35,,,,0,0.00%,0.00%,0.00%,0.00%,Esc. Republica Del Peru,KANTUTANI_SAN_JORGE,DISTRITO_17,8,
1,160,29,56,1,6,63,35.00%,0.63%,3.75%,39.38%,Col. Felipe 2do. Guzman,MIRAFLORES,DISTRITO_4,6,
1,177,59,49,3,7,59,27.68%,1.69%,3.95%,33.33%,Col. Marien Garten,MUNAYPATA,DISTRITO_28,9,
2,182,0,,,,0,0.00%,0.00%,0.00%,0.00%,Unid. Educ. Raul Salmon De La Barra,TEMBLADERANI20,DISTRITO_20,8,
2,188,69,65,1,3,69,34.57%,0.53%,1.60%,36.70%,Col. Marien Garten,MUNAYPATA,DISTRITO_28,9,
3,153,0,,,,0,0.00%,0.00%,0.00%,0.00%,Unid. Educ. Raul Salmon De La Barra,TEMBLADERANI20,DISTRITO_20,8,
2,128,41,44,3,6,53,34.38%,2.34%,4.69%,41.41%,Col. Felipe 2do. Guzman,MIRAFLORES,DISTRITO_4,6,
3,177,67,59,0,8,67,33.33%,0.00%,4.52%,37.85%,Col. Marien Garten,MUNAYPATA,DISTRITO_28,9,
1,194,0,,,,0,0.00%,0.00%,0.00%,0.00%,Unid. Educ. Raul Salmon De La Barra,TEMBLADERANI20,DISTRITO_20,8,
4,183,61,48,6,7,61,26.23%,3.28%,3.83%,33.33%,Col. Marien Garten,MUNAYPATA,DISTRITO_28,9,
1,171,82,,,,0,0.00%,0.00%,0.00%,0.00%,Escuela Republica del Brasil,CHALLAPAMPA,DISTRITO_29,9,
3,40,18,,,,0,0.00%,0.00%,0.00%,0.00%,Escuela Republica del Brasil,CHALLAPAMPA,DISTRITO_29,9,
1,159,62,,,,0,0.00%,0.00%,0.00%,0.00%,Parque Mirador Killi Killi,SAN_JUAN_DE_LAZARETO,DISTRITO_5,6,
1,230,76,,,,0,0.00%,0.00%,0.00%,0.00%,Unid. Educ. 20 De Octubre N° 1,PURA_PURA_ALTO,DISTRITO_30,9,
1,221,76,,,,0,0.00%,0.00%,0.00%,0.00%,Unidad Educativa Privada La Paz,CATORCE_DE_SEPTIEMBRE,DISTRITO_23,8,
2,175,75,,,,0,0.00%,0.00%,0.00%,0.00%,Escuela Republica del Brasil,CHALLAPAMPA,DISTRITO_29,9,
3,42,11,,,,0,0.00%,0.00%,0.00%,0.00%,Parque Mirador Killi Killi,SAN_JUAN_DE_LAZARETO,DISTRITO_5,6,
2,158,62,,,,0,0.00%,0.00%,0.00%,0.00%,Parque Mirador Killi Killi,SAN_JUAN_DE_LAZARETO,DISTRITO_5,6,
2,83,27,,,,0,0.00%,0.00%,0.00%,0.00%,Unid. Educ. 20 De Octubre N° 1,PURA_PURA_ALTO,DISTRITO_30,9,
1,217,93,,,,0,0.00%,0.00%,0.00%,0.00%,Escuela Callapa (Plaza De Callapa),CALLAPA,DISTRITO_10,7,
2,99,29,,,,0,0.00%,0.00%,0.00%,0.00%,Escuela Callapa (Plaza De Callapa),CALLAPA,DISTRITO_10,7,
2,118,50,,,,0,0.00%,0.00%,0.00%,0.00%,U. E. Pantaleon Dalence,TEMBLADERANI20,DISTRITO_20,8,
1,173,64,53,4,7,64,30.64%,2.31%,4.05%,36.99%,Colegio Ignacio Calderon,TEMBLADERANI20,DISTRITO_20,8,
2,168,0,48,7,3,58,28.57%,4.17%,1.79%,34.52%,Colegio Ignacio Calderon,TEMBLADERANI20,DISTRITO_20,8,
1,165,39,,,,0,0.00%,0.00%,0.00%,0.00%,U. E. Pantaleon Dalence,TEMBLADERANI20,DISTRITO_20,8,
3,164,70,49,2,19,70,29.88%,1.22%,11.59%,42.68%,Colegio Ignacio Calderon,TEMBLADERANI20,DISTRITO_20,8,
3,198,73,63,4,6,73,31.82%,2.02%,3.03%,36.87%,Colegio Sergio Villegas,KUPINI,DISTRITO_10,7,
1,202,0,64,1,0,65,31.68%,0.50%,0.00%,32.18%,Colegio Sergio Villegas,KUPINI,DISTRITO_10,7,
4,159,65,56,2,7,65,35.22%,1.26%,4.40%,40.88%,Colegio Ignacio Calderon,TEMBLADERANI20,DISTRITO_20,8,
2,191,51,48,0,3,51,25.13%,0.00%,1.57%,26.70%,Colegio Sergio Villegas,KUPINI,DISTRITO_10,7,
4,196,72,65,0,7,72,33.16%,0.00%,3.57%,36.73%,Colegio Sergio Villegas,KUPINI,DISTRITO_10,7,
1,135,58,55,3,4,62,40.74%,2.22%,2.96%,45.93%,Colegio 6 de Junio,ALTO_OBRAJES,DISTRITO_10,7,
2,144,58,45,4,9,58,31.25%,2.78%,6.25%,40.28%,Colegio 6 de Junio,ALTO_OBRAJES,DISTRITO_10,7,
1,196,49,58,0,7,65,29.59%,0.00%,3.57%,33.16%,Colegio Villarroel (Gran Poder),GRAN_PODER,DISTRITO_22,8,
3,148,0,47,1,13,61,31.76%,0.68%,8.78%,41.22%,Colegio 6 de Junio,ALTO_OBRAJES,DISTRITO_10,7,
4,145,61,53,4,4,61,36.55%,2.76%,2.76%,42.07%,Colegio 6 de Junio,ALTO_OBRAJES,DISTRITO_10,7,
7,109,57,44,3,10,57,40.37%,2.75%,9.17%,52.29%,Colegio 6 de Junio,ALTO_OBRAJES,DISTRITO_10,7,
5,98,32,28,0,4,32,28.57%,0.00%,4.08%,32.65%,Colegio Sergio Villegas,KUPINI,DISTRITO_10,7,
5,131,56,51,3,3,57,38.93%,2.29%,2.29%,43.51%,Colegio 6 de Junio,ALTO_OBRAJES,DISTRITO_10,7,
6,117,0,40,2,7,49,34.19%,1.71%,5.98%,41.88%,Colegio 6 de Junio,ALTO_OBRAJES,DISTRITO_10,7,
5,25,12,10,0,2,12,40.00%,0.00%,8.00%,48.00%,Col. Experimental Hugo Davila,MIRAFLORES,DISTRITO_4,6,
1,129,0,56,2,4,62,43.41%,1.55%,3.10%,48.06%,Col. Experimental Hugo Davila,MIRAFLORES,DISTRITO_4,6,
1,136,61,52,7,2,61,38.24%,5.15%,1.47%,44.85%,Complejo Deportivo San Luis,SOPOCACHI_ALTO_21,DISTRITO_21,8,
2,154,53,55,3,10,68,35.71%,1.95%,6.49%,44.16%,Col. Experimental Hugo Davila,MIRAFLORES,DISTRITO_4,6,
4,144,55,50,5,7,62,34.72%,3.47%,4.86%,43.06%,Col. Experimental Hugo Davila,MIRAFLORES,DISTRITO_4,6,
1,163,65,55,3,7,65,33.74%,1.84%,4.29%,39.88%,Dir. Distrital de Educación,SANTA_BARBARA,DISTRITO_3,9,
3,155,71,61,2,8,71,39.35%,1.29%,5.16%,45.81%,Col. Experimental Hugo Davila,MIRAFLORES,DISTRITO_4,6,
1,162,66,,,,0,0.00%,0.00%,0.00%,0.00%,Unidad Educativa Cristiana Vida Nueva,VILLA_COPACABANA,DISTRITO_7,6,
2,152,76,63,4,9,76,41.45%,2.63%,5.92%,50.00%,Dir. Distrital de Educación,SANTA_BARBARA,DISTRITO_3,9,
2,154,48,,,,0,0.00%,0.00%,0.00%,0.00%,Unidad Educativa Cristiana Vida Nueva,VILLA_COPACABANA,DISTRITO_7,6,
1,164,85,58,3,10,71,35.37%,1.83%,6.10%,43.29%,Col. San Martin,BELEN,DISTRITO_22,8,
1,182,64,,,,0,0.00%,0.00%,0.00%,0.00%,Esc. Gral. Jose Manuel Pando,OBISPO_INDABURO,DISTRITO_23,8,
3,95,43,,,,0,0.00%,0.00%,0.00%,0.00%,Unidad Educativa Cristiana Vida Nueva,VILLA_COPACABANA,DISTRITO_7,6,
1,81,47,,,,0,0.00%,0.00%,0.00%,0.00%,U.E. Carlos Salinas,SANTA_BARBARA,DISTRITO_3,9,
1,164,66,56,5,5,66,34.15%,3.05%,3.05%,40.24%,Col. Maria Auxiliadora,BELEN,DISTRITO_22,8,
1,177,72,62,4,6,72,35.03%,2.26%,3.39%,40.68%,Colegio Nuestra Señora de Fatima,LAS_DELICIAS,DISTRITO_6,6,
2,174,73,63,0,11,74,36.21%,0.00%,6.32%,42.53%,Col. San Martin,BELEN,DISTRITO_22,8,
2,85,0,,,,0,0.00%,0.00%,0.00%,0.00%,Esc. Gral. Jose Manuel Pando,OBISPO_INDABURO,DISTRITO_23,8,
2,210,74,63,4,7,74,30.00%,1.90%,3.33%,35.24%,Colegio Nuestra Señora de Fatima,LAS_DELICIAS,DISTRITO_6,6,
2,155,66,53,4,11,68,34.19%,2.58%,7.10%,43.87%,Col. Maria Auxiliadora,BELEN,DISTRITO_22,8,
3,124,60,50,1,9,60,40.32%,0.81%,7.26%,48.39%,Colegio Dora Schmidt,MIRAFLORES,DISTRITO_4,6,
3,24,16,14,0,2,16,58.33%,0.00%,8.33%,66.67%,Col. Maria Auxiliadora,BELEN,DISTRITO_22,8,
1,162,77,,,,0,0.00%,0.00%,0.00%,0.00%,Esc. Panama,MIRAFLORES,DISTRITO_4,6,
1,157,58,52,3,7,62,33.12%,1.91%,4.46%,39.49%,Colegio Dora Schmidt,MIRAFLORES,DISTRITO_4,6,
2,152,0,,,,0,0.00%,0.00%,0.00%,0.00%,Esc. Panama,MIRAFLORES,DISTRITO_4,6,
2,142,67,51,5,13,69,35.92%,3.52%,9.15%,48.59%,Colegio Dora Schmidt,MIRAFLORES,DISTRITO_4,6,
3,133,59,,,,0,0.00%,0.00%,0.00%,0.00%,Esc. Panama,MIRAFLORES,DISTRITO_4,6,
1,190,0,,,,0,0.00%,0.00%,0.00%,0.00%,Unid. Educ. Jaime Escalante,TACAGUA,DISTRITO_19,8,
2,187,0,,,,0,0.00%,0.00%,0.00%,0.00%,Unid. Educ. Jaime Escalante,TACAGUA,DISTRITO_19,8,
3,199,0,,,,0,0.00%,0.00%,0.00%,0.00%,Unid. Educ. Jaime Escalante,TACAGUA,DISTRITO_19,8,
1,151,79,,,,0,0.00%,0.00%,0.00%,0.00%,Escuela Agustin Aspiazu,SOPOCACHI_BAJO,DISTRITO_17,8,
4,96,30,,,,0,0.00%,0.00%,0.00%,0.00%,Unid. Educ. Jaime Escalante,TACAGUA,DISTRITO_19,8,
1,101,0,,,,0,0.00%,0.00%,0.00%,0.00%,Escuela Juan Pablo II,SEGUENCOMA_ALTO,DISTRITO_16,7,
1,164,60,45,5,12,62,27.44%,3.05%,7.32%,37.80%,Colegio German Busch,SAN_SEBASTIAN,DISTRITO_29,9,
2,122,57,,,,0,0.00%,0.00%,0.00%,0.00%,Escuela Juan Pablo II,SEGUENCOMA_ALTO,DISTRITO_16,7,
2,155,82,,,,0,0.00%,0.00%,0.00%,0.00%,Escuela Agustin Aspiazu,SOPOCACHI_BAJO,DISTRITO_17,8,
3,63,27,,,,0,0.00%,0.00%,0.00%,0.00%,Escuela Juan Pablo II,SEGUENCOMA_ALTO,DISTRITO_16,7,
2,160,71,60,3,8,71,37.50%,1.88%,5.00%,44.38%,Colegio German Busch,SAN_SEBASTIAN,DISTRITO_29,9,
3,105,56,,,,0,0.00%,0.00%,0.00%,0.00%,Escuela Agustin Aspiazu,SOPOCACHI_BAJO,DISTRITO_17,8,
3,71,7,23,0,2,25,32.39%,0.00%,2.82%,35.21%,Colegio German Busch,SAN_SEBASTIAN,DISTRITO_29,9,
1,179,67,,,,0,0.00%,0.00%,0.00%,0.00%,Sede Social Caja Ferroviaria,SAN_LORENZO,DISTRITO_30,9,
3,65,33,,,,0,0.00%,0.00%,0.00%,0.00%,Instituto Americano (Sopocachi Bajo 21),SOPOCACHI_BAJO_21,DISTRITO_17,8,
2,151,70,,,,0,0.00%,0.00%,0.00%,0.00%,Instituto Americano (Sopocachi Bajo 21),SOPOCACHI_BAJO_21,DISTRITO_17,8,
1,168,72,60,2,10,72,35.71%,1.19%,5.95%,42.86%,Col. San Francisco,ROSARIO,DISTRITO_22,8,
1,161,0,,,,0,0.00%,0.00%,0.00%,0.00%,Esc. San Jose,LLOJETA_BAJO,DISTRITO_18,8,
1,154,51,,,,0,0.00%,0.00%,0.00%,0.00%,Instituto Americano (Sopocachi Bajo 21),SOPOCACHI_BAJO_21,DISTRITO_17,8,
2,66,27,,,,0,0.00%,0.00%,0.00%,0.00%,Sede Social Caja Ferroviaria,SAN_LORENZO,DISTRITO_30,9,
2,188,67,,,,0,0.00%,0.00%,0.00%,0.00%,Esc. San Jose,LLOJETA_BAJO,DISTRITO_18,8,
2,80,0,30,3,5,38,37.50%,3.75%,6.25%,47.50%,Col. San Francisco,ROSARIO,DISTRITO_22,8,
3,160,0,,,,0,0.00%,0.00%,0.00%,0.00%,Esc. San Jose,LLOJETA_BAJO,DISTRITO_18,8,
4,81,0,,,,0,0.00%,0.00%,0.00%,0.00%,Esc. San Jose,LLOJETA_BAJO,DISTRITO_18,8,
1,161,63,57,4,4,65,35.40%,2.48%,2.48%,40.37%,Col. Canada,VILLA_NUEVO_POTOSI,DISTRITO_24,8,
1,209,0,,,,0,0.00%,0.00%,0.00%,0.00%,Esc. Santa Rosa De Lima,OVEJUYO,DISTRITO_14,7,
2,188,72,69,1,3,73,36.70%,0.53%,1.60%,38.83%,Col. Canada,VILLA_NUEVO_POTOSI,DISTRITO_24,8,
1,151,63,,,,0,0.00%,0.00%,0.00%,0.00%,Escuela Superior de Formación de Maestros Simon Bolivar,IV_CENTENARIO,DISTRITO_8,6,
2,157,0,,,,0,0.00%,0.00%,0.00%,0.00%,Escuela Superior de Formación de Maestros Simon Bolivar,IV_CENTENARIO,DISTRITO_8,6,
2,202,0,,,,0,0.00%,0.00%,0.00%,0.00%,Esc. Santa Rosa De Lima,OVEJUYO,DISTRITO_14,7,
3,87,38,,,,0,0.00%,0.00%,0.00%,0.00%,Escuela Superior de Formación de Maestros Simon Bolivar,IV_CENTENARIO,DISTRITO_8,6,
3,213,62,,,,0,0.00%,0.00%,0.00%,0.00%,Esc. Santa Rosa De Lima,OVEJUYO,DISTRITO_14,7,
3,134,36,31,1,4,36,23.13%,0.75%,2.99%,26.87%,Col. Canada,VILLA_NUEVO_POTOSI,DISTRITO_24,8,
4,207,72,,,,0,0.00%,0.00%,0.00%,0.00%,Esc. Santa Rosa De Lima,OVEJUYO,DISTRITO_14,7,
1,150,69,,,,0,0.00%,0.00%,0.00%,0.00%,Escuela Alto Achumani,ACHUMANI_ALTO,DISTRITO_12,7,
2,145,36,49,5,5,59,33.79%,3.45%,3.45%,40.69%,Colegio San Luis,SOPOCACHI_ALTO,DISTRITO_21,8,
5,86,41,,,,0,0.00%,0.00%,0.00%,0.00%,Escuela Alto Achumani,ACHUMANI_ALTO,DISTRITO_12,7,
2,134,58,,,,0,0.00%,0.00%,0.00%,0.00%,Escuela Alto Achumani,ACHUMANI_ALTO,DISTRITO_12,7,
3,157,0,63,5,8,76,40.13%,3.18%,5.10%,48.41%,Colegio San Luis,SOPOCACHI_ALTO,DISTRITO_21,8,
3,121,53,,,,0,0.00%,0.00%,0.00%,0.00%,Escuela Alto Achumani,ACHUMANI_ALTO,DISTRITO_12,7,
1,174,0,70,2,7,79,40.23%,1.15%,4.02%,45.40%,Colegio San Luis,SOPOCACHI_ALTO,DISTRITO_21,8,
5,131,0,,,,0,0.00%,0.00%,0.00%,0.00%,Esc. Santa Rosa De Lima,OVEJUYO,DISTRITO_14,7,
4,150,59,,,,0,0.00%,0.00%,0.00%,0.00%,Escuela Alto Achumani,ACHUMANI_ALTO,DISTRITO_12,7,
4,148,65,51,4,10,65,34.46%,2.70%,6.76%,43.92%,Colegio San Luis,SOPOCACHI_ALTO,DISTRITO_21,8,
2,198,79,,,,0,0.00%,0.00%,0.00%,0.00%,Esc. Pablo Iturri,CHUQUIAGUILLO,DISTRITO_6,6,
1,142,57,,,,0,0.00%,0.00%,0.00%,0.00%,Instituto Mendez Arcos,SAN_PEDRO_ALTO,DISTRITO_21,8,
5,136,0,53,7,11,71,38.97%,5.15%,8.09%,52.21%,Colegio San Luis,SOPOCACHI_ALTO,DISTRITO_21,8,
6,70,27,26,0,1,27,37.14%,0.00%,1.43%,38.57%,Colegio San Luis,SOPOCACHI_ALTO,DISTRITO_21,8,
3,215,87,,,,0,0.00%,0.00%,0.00%,0.00%,Esc. Pablo Iturri,CHUQUIAGUILLO,DISTRITO_6,6,
2,163,64,,,,0,0.00%,0.00%,0.00%,0.00%,Instituto Mendez Arcos,SAN_PEDRO_ALTO,DISTRITO_21,8,
1,217,60,,,,0,0.00%,0.00%,0.00%,0.00%,Esc. Pablo Iturri,CHUQUIAGUILLO,DISTRITO_6,6,
3,149,53,,,,0,0.00%,0.00%,0.00%,0.00%,Instituto Mendez Arcos,SAN_PEDRO_ALTO,DISTRITO_21,8,
4,194,74,,,,0,0.00%,0.00%,0.00%,0.00%,Esc. Pablo Iturri,CHUQUIAGUILLO,DISTRITO_6,6,
5,141,54,,,,0,0.00%,0.00%,0.00%,0.00%,Esc. Pablo Iturri,CHUQUIAGUILLO,DISTRITO_6,6,
4,47,15,,,,0,0.00%,0.00%,0.00%,0.00%,Instituto Mendez Arcos,SAN_PEDRO_ALTO,DISTRITO_21,8,
1,155,0,62,0,4,66,40.00%,0.00%,2.58%,42.58%,Cancha Deportiva Bella Vista,BELLA_VISTA,DISTRITO_16,7,
1,196,0,,,,0,0.00%,0.00%,0.00%,0.00%,Esc. Genoveva Rios,SAN_ANTONIO_ALTO,DISTRITO_8,6,
1,189,52,62,2,10,74,32.80%,1.06%,5.29%,39.15%,Colegio Topater,PAMPAHASI_ALTO,DISTRITO_9,7,
3,75,32,30,0,2,32,40.00%,0.00%,2.67%,42.67%,Cancha Deportiva Bella Vista,BELLA_VISTA,DISTRITO_16,7,
2,156,57,49,3,4,56,31.41%,1.92%,2.56%,35.90%,Cancha Deportiva Bella Vista,BELLA_VISTA,DISTRITO_16,7,
2,183,0,,,,0,0.00%,0.00%,0.00%,0.00%,Esc. Genoveva Rios,SAN_ANTONIO_ALTO,DISTRITO_8,6,
3,197,73,,,,0,0.00%,0.00%,0.00%,0.00%,Esc. Genoveva Rios,SAN_ANTONIO_ALTO,DISTRITO_8,6,
2,203,76,71,1,4,76,34.98%,0.49%,1.97%,37.44%,Colegio Topater,PAMPAHASI_ALTO,DISTRITO_9,7,
3,196,86,78,1,7,86,39.80%,0.51%,3.57%,43.88%,Colegio Topater,PAMPAHASI_ALTO,DISTRITO_9,7,
4,182,0,,,,0,0.00%,0.00%,0.00%,0.00%,Esc. Genoveva Rios,SAN_ANTONIO_ALTO,DISTRITO_8,6,
5,172,0,,,,0,0.00%,0.00%,0.00%,0.00%,Esc. Genoveva Rios,SAN_ANTONIO_ALTO,DISTRITO_8,6,
1,169,72,,,,0,0.00%,0.00%,0.00%,0.00%,Esc. San Martin,SAN_ANTONIO_BAJO,DISTRITO_8,6,
1,179,62,,,,0,0.00%,0.00%,0.00%,0.00%,Escuela Republica de Japon (Tacagua),TACAGUA,DISTRITO_19,8,
3,171,25,,,,0,0.00%,0.00%,0.00%,0.00%,Esc. San Martin,SAN_ANTONIO_BAJO,DISTRITO_8,6,
4,155,70,,,,0,0.00%,0.00%,0.00%,0.00%,Esc. San Martin,SAN_ANTONIO_BAJO,DISTRITO_8,6,
5,180,72,,,,0,0.00%,0.00%,0.00%,0.00%,Esc. San Martin,SAN_ANTONIO_BAJO,DISTRITO_8,6,
6,138,66,,,,0,0.00%,0.00%,0.00%,0.00%,Esc. San Martin,SAN_ANTONIO_BAJO,DISTRITO_8,6,
4,34,0,,,,0,0.00%,0.00%,0.00%,0.00%,Escuela Republica de Japon (Tacagua),TACAGUA,DISTRITO_19,8,
3,173,0,,,,0,0.00%,0.00%,0.00%,0.00%,Escuela Republica de Japon (Tacagua),TACAGUA,DISTRITO_19,8,
2,173,0,,,,0,0.00%,0.00%,0.00%,0.00%,Escuela Republica de Japon (Tacagua),TACAGUA,DISTRITO_19,8,
1,218,0,,,,0,0.00%,0.00%,0.00%,0.00%,U.E. El Pedregal (Urb. Pedregal),ROSALES,DISTRITO_14,7,
1,178,65,,,,0,0.00%,0.00%,0.00%,0.00%,Unidad Educativa Litoral A,ALTO_ACHACHICALA,DISTRITO_1,9,
2,168,64,,,,0,0.00%,0.00%,0.00%,0.00%,Unidad Educativa Litoral A,ALTO_ACHACHICALA,DISTRITO_1,9,
3,164,61,,,,0,0.00%,0.00%,0.00%,0.00%,Unidad Educativa Litoral A,ALTO_ACHACHICALA,DISTRITO_1,9,
1,157,0,52,3,14,69,33.12%,1.91%,8.92%,43.95%,Colegio Bolivar,SAN_PEDRO_BAJO,DISTRITO_21,8,
2,184,68,,,,0,0.00%,0.00%,0.00%,0.00%,Esc. San Martin,SAN_ANTONIO_BAJO,DISTRITO_8,6,
2,105,0,48,1,6,55,45.71%,0.95%,5.71%,52.38%,Colegio Bolivar,SAN_PEDRO_BAJO,DISTRITO_21,8,
1,181,73,,,,0,0.00%,0.00%,0.00%,0.00%,Sede Social Pura Pura,PURA_PURA,DISTRITO_29,9,
2,182,67,,,,0,0.00%,0.00%,0.00%,0.00%,Sede Social Pura Pura,PURA_PURA,DISTRITO_29,9,
2,164,38,61,0,6,67,37.20%,0.00%,3.66%,40.85%,Colegio Antonio Diaz Villamil,ZONA_NORTE,DISTRITO_3,9,
4,58,25,23,1,1,25,39.66%,1.72%,1.72%,43.10%,Colegio Antonio Diaz Villamil,ZONA_NORTE,DISTRITO_3,9,
1,170,62,71,0,12,83,41.76%,0.00%,7.06%,48.82%,Colegio Antonio Diaz Villamil,ZONA_NORTE,DISTRITO_3,9,
3,158,51,56,2,8,66,35.44%,1.27%,5.06%,41.77%,Colegio Antonio Diaz Villamil,ZONA_NORTE,DISTRITO_3,9,
1,142,61,52,3,6,61,36.62%,2.11%,4.23%,42.96%,Col. Gregorio Reynolds,SOPOCACHI_BAJO,DISTRITO_17,8,
2,143,77,65,2,10,77,45.45%,1.40%,6.99%,53.85%,Colegio Amoretti,SOPOCACHI_BAJO,DISTRITO_17,8,
1,152,0,47,1,11,59,30.92%,0.66%,7.24%,38.82%,Colegio Amoretti,SOPOCACHI_BAJO,DISTRITO_17,8,
3,39,0,12,0,2,14,30.77%,0.00%,5.13%,35.90%,Colegio Amoretti,SOPOCACHI_BAJO,DISTRITO_17,8,
3,179,71,59,4,8,71,32.96%,2.23%,4.47%,39.66%,Col. Gregorio Reynolds,SOPOCACHI_BAJO,DISTRITO_17,8,
2,169,72,58,2,12,72,34.32%,1.18%,7.10%,42.60%,Col. Gregorio Reynolds,SOPOCACHI_BAJO,DISTRITO_17,8,
2,71,0,,,,0,0.00%,0.00%,0.00%,0.00%,Unid. Educ. Hugo Banzer Suarez,TEMBLADERANI20,DISTRITO_20,8,
1,171,0,,,,0,0.00%,0.00%,0.00%,0.00%,Unid. Educ. Hugo Banzer Suarez,TEMBLADERANI20,DISTRITO_20,8,
1,139,47,38,4,5,47,27.34%,2.88%,3.60%,33.81%,Col. Herschell,OBRAJES,DISTRITO_16,7,
2,132,58,46,5,7,58,34.85%,3.79%,5.30%,43.94%,Col. Herschell,OBRAJES,DISTRITO_16,7,
4,105,52,46,0,6,52,43.81%,0.00%,5.71%,49.52%,Col. Herschell,OBRAJES,DISTRITO_16,7,
2,92,34,30,1,3,34,32.61%,1.09%,3.26%,36.96%,Col. Nacional Ayacucho,ZONA_CENTRAL,DISTRITO_3,9,
1,157,72,62,4,6,72,39.49%,2.55%,3.82%,45.86%,Col. Nacional Ayacucho,ZONA_CENTRAL,DISTRITO_3,9,
3,139,62,53,3,6,62,38.13%,2.16%,4.32%,44.60%,Col. Herschell,OBRAJES,DISTRITO_16,7,
1,179,0,63,3,3,69,35.20%,1.68%,1.68%,38.55%,Colegio Simon Rodriguez,VILLA_FATIMA,DISTRITO_6,6,
4,107,0,37,4,4,45,34.58%,3.74%,3.74%,42.06%,Colegio Simon Rodriguez,VILLA_FATIMA,DISTRITO_6,6,
2,195,0,60,1,12,73,30.77%,0.51%,6.15%,37.44%,Colegio Simon Rodriguez,VILLA_FATIMA,DISTRITO_6,6,
3,179,0,63,1,4,68,35.20%,0.56%,2.23%,37.99%,Colegio Simon Rodriguez,VILLA_FATIMA,DISTRITO_6,6,
2,26,0,,,,0,0.00%,0.00%,0.00%,0.00%,Liceo La Paz,BELLO_HORIZONTE,DISTRITO_21,8,
1,146,0,,,,0,0.00%,0.00%,0.00%,0.00%,Liceo La Paz,BELLO_HORIZONTE,DISTRITO_21,8,
2,69,32,,,,0,0.00%,0.00%,0.00%,0.00%,Escuela Eloy Alvarez Plata,PURA_PURA,DISTRITO_29,9,
1,197,61,,,,0,0.00%,0.00%,0.00%,0.00%,Unid. Educ. Joaquin Hernann,APAÃA,DISTRITO_14,7,
1,145,58,,,,0,0.00%,0.00%,0.00%,0.00%,Escuela Eloy Alvarez Plata,PURA_PURA,DISTRITO_29,9,
1,168,64,,,,0,0.00%,0.00%,0.00%,0.00%,Esc. Educacional Luis  Ernest,ALTO_ACHACHICALA,DISTRITO_1,9,
1,157,65,53,3,14,70,33.76%,1.91%,8.92%,44.59%,Colegio Canadiense,SAN_PEDRO_BAJO,DISTRITO_21,8,
2,89,36,,,,0,0.00%,0.00%,0.00%,0.00%,Esc. Educacional Luis  Ernest,ALTO_ACHACHICALA,DISTRITO_1,9,
2,28,13,10,0,3,13,35.71%,0.00%,10.71%,46.43%,Colegio Canadiense,SAN_PEDRO_BAJO,DISTRITO_21,8,
1,95,21,,,,0,0.00%,0.00%,0.00%,0.00%,Esc. San Miguel,LADRILLERAS,DISTRITO_18,8,
1,152,72,,,,0,0.00%,0.00%,0.00%,0.00%,Escuela 6 de Agosto,SAN_ANTONIO_BAJO,DISTRITO_8,6,
3,35,18,,,,0,0.00%,0.00%,0.00%,0.00%,Escuela 6 de Agosto,SAN_ANTONIO_BAJO,DISTRITO_8,6,
1,189,70,,,,0,0.00%,0.00%,0.00%,0.00%,Esc. Alto Tembladerani,TACAGUA,DISTRITO_19,8,
2,34,13,,,,0,0.00%,0.00%,0.00%,0.00%,Esc. Alto Tembladerani,TACAGUA,DISTRITO_19,8,
1,170,61,51,1,9,61,30.00%,0.59%,5.29%,35.88%,Centro de Capacitacion Inti Paxsi,MALLASILLA,DISTRITO_15,7,
1,177,60,54,3,3,60,30.51%,1.69%,1.69%,33.90%,Esc. Alfredo Vargas,MIRAFLORES_ALTO,DISTRITO_5,6,
2,160,74,,,,0,0.00%,0.00%,0.00%,0.00%,Escuela 6 de Agosto,SAN_ANTONIO_BAJO,DISTRITO_8,6,
3,164,72,67,0,7,74,40.85%,0.00%,4.27%,45.12%,Esc. Alfredo Vargas,MIRAFLORES_ALTO,DISTRITO_5,6,
2,180,67,58,4,7,69,32.22%,2.22%,3.89%,38.33%,Esc. Alfredo Vargas,MIRAFLORES_ALTO,DISTRITO_5,6,
4,170,67,56,3,8,67,32.94%,1.76%,4.71%,39.41%,Esc. Alfredo Vargas,MIRAFLORES_ALTO,DISTRITO_5,6,
5,92,34,28,2,4,34,30.43%,2.17%,4.35%,36.96%,Esc. Alfredo Vargas,MIRAFLORES_ALTO,DISTRITO_5,6,
1,193,0,,,,0,0.00%,0.00%,0.00%,0.00%,Sede Social de Cusicancha,CUSICANCHA,DISTRITO_27,9,
2,66,0,,,,0,0.00%,0.00%,0.00%,0.00%,Sede Social de Cusicancha,CUSICANCHA,DISTRITO_27,9,
1,170,0,58,4,7,69,34.12%,2.35%,4.12%,40.59%,Esc. Alcides Arguedas,SAN_PEDRO_ALTO,DISTRITO_21,8,
1,167,0,,,,0,0.00%,0.00%,0.00%,0.00%,Sede Social Villa Litoral,VILLA_LITORAL,DISTRITO_8,6,
1,160,62,,,,0,0.00%,0.00%,0.00%,0.00%,Unidad Educativa Republica de China,VILLA_PABON,DISTRITO_3,9,
1,174,77,,,,0,0.00%,0.00%,0.00%,0.00%,Unidad Educativa Fabril 18 de Mayo (Callampaya),CALLAMPAYA,DISTRITO_26,9,
1,148,62,51,1,10,62,34.46%,0.68%,6.76%,41.89%,Complejo Deportivo Camiri,VILLA_FATIMA,DISTRITO_6,6,
2,143,56,,,,0,0.00%,0.00%,0.00%,0.00%,Unidad Educativa Republica de China,VILLA_PABON,DISTRITO_3,9,
3,150,47,,,,0,0.00%,0.00%,0.00%,0.00%,Unidad Educativa Republica de China,VILLA_PABON,DISTRITO_3,9,
2,194,65,61,3,6,70,31.44%,1.55%,3.09%,36.08%,Complejo Deportivo Camiri,VILLA_FATIMA,DISTRITO_6,6,
1,129,63,,,,0,0.00%,0.00%,0.00%,0.00%,Esc. Ecuador,SOPOCACHI_BAJO,DISTRITO_17,8,
2,129,64,,,,0,0.00%,0.00%,0.00%,0.00%,Esc. Ecuador,SOPOCACHI_BAJO,DISTRITO_17,8,
2,56,23,19,1,3,23,33.93%,1.79%,5.36%,41.07%,Col. Santa Ana,ZONA_CENTRAL,DISTRITO_3,9,
1,161,61,,,,0,0.00%,0.00%,0.00%,0.00%,Kinder Nazario Pardo,SOPOCACHI_BAJO,DISTRITO_17,8,
1,173,83,70,6,7,83,40.46%,3.47%,4.05%,47.98%,Col. Santa Ana,ZONA_CENTRAL,DISTRITO_3,9,
1,173,0,,,,0,0.00%,0.00%,0.00%,0.00%,Escuela Ciudad Del Niño,CIUDAD_DEL_NIÃO,DISTRITO_9,7,
3,29,0,,,,0,0.00%,0.00%,0.00%,0.00%,Escuela Ciudad Del Niño,CIUDAD_DEL_NIÃO,DISTRITO_9,7,
2,135,40,,,,0,0.00%,0.00%,0.00%,0.00%,Kinder Nazario Pardo,SOPOCACHI_BAJO,DISTRITO_17,8,
1,180,67,,,,0,0.00%,0.00%,0.00%,0.00%,Unid. Educ. Jorge Vargas,LLOJETA_CENTRAL,DISTRITO_18,8,
2,160,0,,,,0,0.00%,0.00%,0.00%,0.00%,Escuela Ciudad Del Niño,CIUDAD_DEL_NIÃO,DISTRITO_9,7,
2,206,0,,,,0,0.00%,0.00%,0.00%,0.00%,Unid. Educ. Jorge Vargas,LLOJETA_CENTRAL,DISTRITO_18,8,
1,142,60,,,,0,0.00%,0.00%,0.00%,0.00%,Escuela Victor Paz Estensoro,ALTO_IRPAVI,DISTRITO_11,7,
3,61,30,,,,0,0.00%,0.00%,0.00%,0.00%,Escuela Victor Paz Estensoro,ALTO_IRPAVI,DISTRITO_11,7,
2,34,14,,,,0,0.00%,0.00%,0.00%,0.00%,Escuela John F. Kennedy,LA_ZARZUELA,DISTRITO_2,9,
1,163,57,,,,0,0.00%,0.00%,0.00%,0.00%,Escuela John F. Kennedy,LA_ZARZUELA,DISTRITO_2,9,
2,136,58,,,,0,0.00%,0.00%,0.00%,0.00%,Escuela Victor Paz Estensoro,ALTO_IRPAVI,DISTRITO_11,7,
1,106,45,,,,0,0.00%,0.00%,0.00%,0.00%,Esc. Mcal Santa Cruz,ROSARIO,DISTRITO_22,8,
2,114,24,,,,0,0.00%,0.00%,0.00%,0.00%,U.E. Abraham Reyes (Fe y Alegria),ALTO_LA_PORTADA,DISTRITO_27,9,
1,193,50,,,,0,0.00%,0.00%,0.00%,0.00%,U.E. Abraham Reyes (Fe y Alegria),ALTO_LA_PORTADA,DISTRITO_27,9,
2,163,68,59,1,8,68,36.20%,0.61%,4.91%,41.72%,Col. Caracas,ARMANDO_ESCOBAR_URIA,DISTRITO_8,6,
1,185,79,72,2,4,78,38.92%,1.08%,2.16%,42.16%,Col. Caracas,ARMANDO_ESCOBAR_URIA,DISTRITO_8,6,
1,114,38,31,3,4,38,27.19%,2.63%,3.51%,33.33%,Colegio San Ignacio,SEGUENCOMA_BAJO,DISTRITO_16,7,
3,28,11,8,0,3,11,28.57%,0.00%,10.71%,39.29%,Colegio San Ignacio,SEGUENCOMA_BAJO,DISTRITO_16,7,
2,129,36,25,1,10,36,19.38%,0.78%,7.75%,27.91%,Colegio San Ignacio,SEGUENCOMA_BAJO,DISTRITO_16,7,
1,162,70,,,,0,0.00%,0.00%,0.00%,0.00%,Esc. Mscal. Antonio Jose De Sucre,CHICANI,DISTRITO_9,7,
1,190,92,80,3,9,92,42.11%,1.58%,4.74%,48.42%,Esc. Abraham Lincoln,LA_ZARZUELA,DISTRITO_2,9,
2,160,67,56,3,6,65,35.00%,1.88%,3.75%,40.63%,Esc. Abraham Lincoln,LA_ZARZUELA,DISTRITO_2,9,
3,180,75,64,4,6,74,35.56%,2.22%,3.33%,41.11%,Esc. Abraham Lincoln,LA_ZARZUELA,DISTRITO_2,9,
1,172,50,,,,0,0.00%,0.00%,0.00%,0.00%,U.E. Betesta,ROSALES,DISTRITO_14,7,
1,38,0,,,,0,0.00%,0.00%,0.00%,0.00%,Unidad Educativa Villa Harca,CAMSIQUE,DISTRITO_ZONGO,7,
1,31,0,,,,0,0.00%,0.00%,0.00%,0.00%,Esc. Mscal Andres De Santa Cruz,CHORO,DISTRITO_ZONGO,7,
2,186,64,,,,0,0.00%,0.00%,0.00%,0.00%,U.E. Betesta,ROSALES,DISTRITO_14,7,
1,95,45,,,,0,0.00%,0.00%,0.00%,0.00%,Unidad Educativa Rosario (Urb. El Rosario),SEGUENCOMA_ALTO,DISTRITO_16,7,
1,168,0,,,,0,0.00%,0.00%,0.00%,0.00%,Unidad Educativa Jupapina,JUPAPINA,DISTRITO_15,7,
2,44,14,,,,0,0.00%,0.00%,0.00%,0.00%,Unidad Educativa Mallasa,MALLASA,DISTRITO_15,7,
1,100,38,,,,0,0.00%,0.00%,0.00%,0.00%,Esc. Alonzo De Mendoza,MIRAFLORES,DISTRITO_4,6,
1,166,61,,,,0,0.00%,0.00%,0.00%,0.00%,Unidad Educativa Mallasa,MALLASA,DISTRITO_15,7,
1,151,64,,,,0,0.00%,0.00%,0.00%,0.00%,Liceo Bolivia,SOPOCACHI_ALTO,DISTRITO_21,8,
2,81,31,,,,0,0.00%,0.00%,0.00%,0.00%,Esc. Limanipata 10 De Junio,LIMANIPATA,DISTRITO_1,9,
1,178,73,,,,0,0.00%,0.00%,0.00%,0.00%,Escuela Piloto Naciones Unidas,MIRAFLORES,DISTRITO_4,6,
1,175,55,62,4,5,71,35.43%,2.29%,2.86%,40.57%,Colegio Delia Gambarte,PAMPAHASI_BAJO,DISTRITO_9,7,
2,78,21,17,2,2,21,21.79%,2.56%,2.56%,26.92%,Colegio Delia Gambarte,PAMPAHASI_BAJO,DISTRITO_9,7,
1,170,63,,,,0,0.00%,0.00%,0.00%,0.00%,U. E. Andina,VILLA_EL_CARMEN,DISTRITO_6,6,
1,5,1,0,0,1,1,0.00%,0.00%,20.00%,20.00%,(Cárcel) C.O.F. Miraflores,MIRAFLORES,DISTRITO_4,6,
1,173,76,,,,0,0.00%,0.00%,0.00%,0.00%,Esc. Limanipata 10 De Junio,LIMANIPATA,DISTRITO_1,9,
1,22,2,2,0,20,22,9.09%,0.00%,90.91%,100.00%,(Cárcel) C.O.F. Obrajes,OBRAJES,DISTRITO_16,7,
1,51,16,16,0,0,16,31.37%,0.00%,0.00%,31.37%,C. E. Adventista Bello Horizonte,SAN_PEDRO_ALTO,DISTRITO_21,8,
2,143,55,,,,0,0.00%,0.00%,0.00%,0.00%,U. E. Andina,VILLA_EL_CARMEN,DISTRITO_6,6,
1,42,15,,,,0,0.00%,0.00%,0.00%,0.00%,Seminario Nazareno,ARANJUEZ,DISTRITO_15,7,
1,167,73,,,,0,0.00%,0.00%,0.00%,0.00%,Escuela 13 de Junio Chinchaya,CHINCHAYA,DISTRITO_9,7,
1,152,0,74,3,7,84,48.68%,1.97%,4.61%,55.26%,Coop. Educacional San Marcos Ltda.,SANTA_BARBARA,DISTRITO_3,9,
1,112,37,,,,0,0.00%,0.00%,0.00%,0.00%,Sede Junta Vecinal,SAN_ANTONIO_BAJO,DISTRITO_8,6,
1,151,37,,,,0,0.00%,0.00%,0.00%,0.00%,U.E. Filadelfia,EL_TEJAR,DISTRITO_25,9,
1,79,0,,,,0,0.00%,0.00%,0.00%,0.00%,Sede Social Carpani,HAMPATURI,DISTRITO_HAMPATURI,7,
1,34,16,,,,0,0.00%,0.00%,0.00%,0.00%,U.E. Gran Bretaña,ALTO_OBRAJES,DISTRITO_10,7,
1,137,59,,,,0,0.00%,0.00%,0.00%,0.00%,Facultad de Tecnologia (U.M.S.A),KANTUTANI_SAN_JORGE,DISTRITO_17,8,
1,189,69,63,0,5,68,33.33%,0.00%,2.65%,35.98%,Colegio Italia (Bajo Mariscal),BAJO_MARISCAL_SANTA_CRUZ,DISTRITO_26,9,
1,158,53,53,3,1,57,33.54%,1.90%,0.63%,36.08%,Colegio Villarroel (Rosario),ROSARIO,DISTRITO_22,8,
2,80,43,,,,0,0.00%,0.00%,0.00%,0.00%,Unidad Educativa Fabril 18 de Mayo (Pura Pura),PURA_PURA,DISTRITO_29,9,
2,126,0,38,6,3,47,30.16%,4.76%,2.38%,37.30%,Colegio Villarroel (Rosario),ROSARIO,DISTRITO_22,8,
1,157,74,,,,0,0.00%,0.00%,0.00%,0.00%,Unidad Educativa Fabril 18 de Mayo (Pura Pura),PURA_PURA,DISTRITO_29,9,
1,185,40,54,1,5,60,29.19%,0.54%,2.70%,32.43%,Colegio Holanda (El Tejar),EL_TEJAR,DISTRITO_25,9,
2,179,65,57,4,4,65,31.84%,2.23%,2.23%,36.31%,Colegio Holanda (El Tejar),EL_TEJAR,DISTRITO_25,9,
1,179,0,45,3,15,63,25.14%,1.68%,8.38%,35.20%,Colegio Max Toledo (Bajo Mariscal),BAJO_MARISCAL_SANTA_CRUZ,DISTRITO_26,9,
3,44,0,15,0,2,17,34.09%,0.00%,4.55%,38.64%,Colegio Max Toledo (Bajo Mariscal),BAJO_MARISCAL_SANTA_CRUZ,DISTRITO_26,9,
1,65,0,,,,0,0.00%,0.00%,0.00%,0.00%,Tecnico Ayacucho (San Juan),SAN_JUAN_DE_LAZARETO,DISTRITO_5,6,
3,174,55,48,1,6,55,27.59%,0.57%,3.45%,31.61%,Colegio Holanda (El Tejar),EL_TEJAR,DISTRITO_25,9,
4,190,47,54,1,2,57,28.42%,0.53%,1.05%,30.00%,Colegio Holanda (El Tejar),EL_TEJAR,DISTRITO_25,9,
2,184,0,69,4,10,83,37.50%,2.17%,5.43%,45.11%,Colegio Max Toledo (Bajo Mariscal),BAJO_MARISCAL_SANTA_CRUZ,DISTRITO_26,9,
1,189,0,57,5,8,70,30.16%,2.65%,4.23%,37.04%,Cancha Deportiva San Antonio Alto,SAN_ANTONIO_ALTO,DISTRITO_22,8,
2,98,0,25,3,2,30,25.51%,3.06%,2.04%,30.61%,Cancha Deportiva San Antonio Alto,SAN_ANTONIO_ALTO,DISTRITO_8,6,
1,149,0,,,,0,0.00%,0.00%,0.00%,0.00%,Instituto Americano (Bello Horizonte),BELLO_HORIZONTE,DISTRITO_21,8,
2,52,25,,,,0,0.00%,0.00%,0.00%,0.00%,Instituto Americano (Bello Horizonte),BELLO_HORIZONTE,DISTRITO_21,8,
3,55,0,,,,0,0.00%,0.00%,0.00%,0.00%,Escuela Republica de Japon (Tembladerani 19),TEMBLADERANI19,DISTRITO_19,8,
1,181,68,,,,0,0.00%,0.00%,0.00%,0.00%,Escuela Republica de Japon (Tembladerani 19),TEMBLADERANI19,DISTRITO_19,8,
2,191,0,,,,0,0.00%,0.00%,0.00%,0.00%,Esc. Club De Leones (El Tejar),EL_TEJAR,DISTRITO_25,9,
2,175,60,,,,0,0.00%,0.00%,0.00%,0.00%,Escuela Republica de Japon (Tembladerani 19),TEMBLADERANI19,DISTRITO_19,8,
3,187,49,,,,0,0.00%,0.00%,0.00%,0.00%,Esc. Club De Leones (El Tejar),EL_TEJAR,DISTRITO_25,9,
4,181,0,,,,0,0.00%,0.00%,0.00%,0.00%,Esc. Club De Leones (El Tejar),EL_TEJAR,DISTRITO_25,9,
1,193,0,,,,0,0.00%,0.00%,0.00%,0.00%,Esc. Club De Leones (El Tejar),EL_TEJAR,DISTRITO_25,9,
5,189,24,,,,0,0.00%,0.00%,0.00%,0.00%,Esc. Club De Leones (El Tejar),EL_TEJAR,DISTRITO_25,9,
6,155,0,,,,0,0.00%,0.00%,0.00%,0.00%,Esc. Club De Leones (El Tejar),EL_TEJAR,DISTRITO_25,9,
1,40,0,,,,0,0.00%,0.00%,0.00%,0.00%,Escuela Pedro Poveda (IV Centenario),IV_CENTENARIO,DISTRITO_8,6,
1,121,0,41,1,3,45,33.88%,0.83%,2.48%,37.19%,Colegio Ave Maria (Villa la Merced),VILLA_LA_MERCED,DISTRITO_6,6,
